Distance, Theta
10.995708, 0.001868
11.367775, 0.001656
10.919603, 0.002850
10.944973, -0.003743
11.232479, -0.004357
10.956247, 0.005035
11.218386, -0.003960
11.068994, -0.006576
11.066175, 0.002965
11.345226, -0.005832
10.967521, -0.004196
11.305764, 0.002876
11.159192, -0.000462
11.083088, -0.010408
11.319857, -0.016738
10.933697, -0.015935
11.373413, -0.013875
11.049265, -0.018365
11.424150, -0.022931
10.956247, -0.025188
11.424150, -0.018432
10.891417, -0.016697
11.181742, -0.022954
11.094362, -0.028369
11.181743, -0.024691
10.975977, -0.021902
11.274759, -0.015296
11.105637, -0.025527
11.221204, -0.033829
11.283215, -0.027712
10.857593, -0.024412
11.176105, -0.031078
10.919604, -0.027744
11.364958, -0.026849
10.956246, -0.025179
11.114094, -0.028773
11.224023, -0.029666
11.136642, -0.029447
11.370594, -0.028130
10.950609, -0.023088
11.164829, -0.029494
11.018257, -0.035282
11.207109, -0.030368
11.167648, -0.023346
10.936516, -0.021825
11.176105, -0.031563
11.145099, -0.033832
11.209929, -0.026165
10.928060, -0.025406
11.021076, -0.023382
11.131006, -0.031389
11.246572, -0.030592
11.455155, -0.027589
10.829407, -0.022358
11.232478, -0.028848
10.866049, -0.029189
11.356501, -0.031206
11.077451, -0.027654
11.255028, -0.023647
10.990071, -0.027978
11.373413, -0.031443
10.913966, -0.027922
11.319858, -0.020542
10.964704, -0.023414
11.105638, -0.028615
11.395962, -0.030047
10.975978, -0.019996
11.190198, -0.013423
10.933698, -0.016509
11.142280, -0.017984
11.257846, -0.014163
10.784307, -0.011082
11.342407, -0.004011
10.959065, -0.008195
11.302946, -0.011000
11.162011, -0.005782
10.567268, -0.004352
11.218385, -0.006723
10.832224, -0.003035
11.159192, -0.006817
11.105637, -0.002054
11.218385, -0.000186
10.789944, -0.002339
11.088725, 0.004674
11.066175, -0.003378
11.302945, -0.010575
10.854774, -0.000839
11.277577, 0.003349
10.843499, 0.001990
11.249391, -0.001156
11.240934, -0.004522
11.178923, -0.002321
10.863230, 0.003033
11.359320, 0.003799
11.049263, 0.000086
11.280396, -0.002857
10.885779, -0.001695
11.277578, -0.001224
11.015439, 0.006287
11.260665, 0.002804
11.156374, -0.011123
11.376231, -0.002933
10.770213, -0.001333
11.263484, 0.004626
11.021076, 0.007161
11.111275, -0.009942
11.339589, -0.007314
10.688470, 0.002303
11.336770, 0.004656
10.981615, 0.001171
11.195836, -0.003096
11.001345, 0.000450
11.229659, 0.003303
10.784307, 0.004819
11.314219, 0.001664
11.023896, -0.005880
11.249392, -0.002007
11.116912, -0.002588
10.928061, 0.000453
11.291671, 0.003136
10.975978, -0.003219
11.474886, -0.002379
10.857593, 0.003839
11.221204, 0.000780
10.905511, 0.001532
11.373413, -0.002503
11.153555, -0.002604
11.252210, 0.001375
10.885779, -0.000922
11.370594, 0.003916
11.068994, 0.001409
11.176105, -0.007586
11.009802, 0.000934
11.333951, 0.000394
10.928061, 0.005733
11.280397, 0.004282
11.111275, -0.008596
11.246572, -0.003196
10.947791, 0.003755
11.418512, 0.006187
10.984434, 0.001272
11.136643, -0.008083
11.122550, -0.005384
11.037989, 0.006789
11.212748, 0.006646
10.964704, -0.004115
11.176105, -0.006959
11.252209, -0.001755
10.742026, 0.000727
11.317039, 0.005130
10.818130, 0.002591
11.308583, -0.004013
10.928060, -0.000294
11.235297, -0.002336
10.784307, 0.001206
11.269121, 0.002806
11.004164, -0.005313
11.410055, -0.003247
10.798401, -0.000114
11.274759, 0.002339
10.897054, 0.004749
11.286035, -0.004429
11.083088, -0.000958
11.184561, 0.001598
10.899873, 0.003344
11.328315, 0.004354
11.091543, -0.002054
11.184561, -0.004302
11.212748, 0.000303
10.849136, -0.001894
11.390326, 0.003102
11.012621, -0.001362
11.339588, -0.004587
10.792762, 0.001408
11.283215, 0.001159
10.899873, 0.003437
11.133824, 0.003023
11.122549, -0.008368
11.091543, 0.000726
11.243754, 0.002608
10.747663, -0.000459
11.235296, 0.003116
11.288853, -0.005040
10.877323, -0.003754
11.317039, -0.000078
10.866049, 0.003180
11.266302, 0.001879
11.238115, -0.004968
11.023896, -0.004711
11.319859, 0.000599
10.902692, 0.005857
11.356501, 0.002390
11.122549, -0.003367
11.350863, -0.001189
10.809675, 0.002746
11.356501, 0.002630
10.973159, 0.003941
11.311402, -0.003907
11.097181, -0.001312
11.266303, -0.001212
10.885779, -0.002470
11.424149, -0.000773
10.928061, -0.005971
11.387506, -0.009441
10.804037, 0.000594
11.274759, 0.005612
10.928060, -0.005208
11.328315, -0.006832
11.060538, -0.013355
11.274758, -0.019076
10.902691, -0.014680
11.125368, -0.012705
11.190199, -0.021833
11.187380, -0.020126
11.240935, -0.013820
10.798400, -0.018449
11.243753, -0.023900
10.863230, -0.022502
11.348044, -0.021712
11.043626, -0.018235
11.322677, -0.014459
10.894236, -0.026200
11.308583, -0.025648
10.888598, -0.022708
11.322678, -0.018810
11.077450, -0.016604
11.145099, -0.025743
11.198654, -0.027219
11.294490, -0.017327
10.764575, -0.016670
11.145099, -0.027899
11.052082, -0.026219
11.204292, -0.022241
10.939335, -0.021897
11.246572, -0.018163
11.001345, -0.027313
11.136643, -0.028901
11.271940, -0.023313
10.863230, -0.023135
11.271940, -0.019342
10.970341, -0.022919
11.373413, -0.026508
11.066176, -0.022370
11.077451, -0.022184
11.325496, -0.022757
10.970341, -0.023202
11.291671, -0.026205
11.077451, -0.022728
11.271939, -0.021538
11.009802, -0.024664
11.336770, -0.025534
10.894236, -0.026058
11.269121, -0.021179
11.131005, -0.021154
11.238115, -0.023460
10.916785, -0.024637
11.235298, -0.019647
10.956246, -0.018291
11.176104, -0.021469
11.142281, -0.029690
11.184561, -0.032625
10.990071, -0.023598
11.364957, -0.016551
10.877323, -0.021357
11.249391, -0.025437
11.224022, -0.020969
10.815312, -0.018946
11.274759, -0.019920
10.970341, -0.019155
11.122549, -0.023297
11.404418, -0.017133
10.902692, -0.015528
11.224022, -0.024686
10.933698, -0.026899
11.322677, -0.030237
10.973160, -0.031581
11.367775, -0.032369
10.990071, -0.037060
11.131005, -0.035720
11.342408, -0.031899
10.911147, -0.027552
11.218385, -0.030847
11.159192, -0.036068
10.975978, -0.039085
11.373413, -0.032143
10.826587, -0.023851
11.133824, -0.030459
11.362139, -0.039844
11.184561, -0.033886
10.708202, -0.033164
11.142281, -0.035266
10.942153, -0.033442
11.139462, -0.042233
11.359320, -0.036596
11.164829, -0.028933
11.029533, -0.037410
11.035170, -0.038588
11.314220, -0.036182
10.919604, -0.028689
11.204291, -0.033598
11.032351, -0.040991
11.221203, -0.040232
10.984433, -0.034476
11.111275, -0.028206
10.936516, -0.034783
11.294489, -0.039861
10.975978, -0.034876
10.973159, -0.032269
11.308582, -0.033051
10.829406, -0.035320
11.257847, -0.043413
11.085907, -0.035676
11.176105, -0.029848
11.215566, -0.034415
11.085907, -0.036865
11.311401, -0.033720
11.066175, -0.028138
11.006984, -0.040509
11.167648, -0.054683
11.023895, -0.073097
11.049263, -0.089309
11.156373, -0.096630
10.220570, -0.110420
10.942154, -0.239218
11.173286, -0.180636
10.260031, -0.139737
10.034535, -0.136384
11.131006, -0.143505
10.429152, -0.086672
11.136642, -0.088101
11.094363, -0.079556
10.093728, -0.008738
10.967522, 0.048680
11.156374, 0.040644
10.076815, 0.030295
11.159193, 0.007873
10.959066, -0.023662
11.150737, -0.004699
11.553810, -0.000726
10.200837, -0.002629
10.178288, -0.002367
10.305129, -0.002103
10.564449, 0.053332
10.990071, 0.035777
10.158557, 0.026640
11.291670, 0.039457
10.874505, 0.043252
11.156373, 0.026437
11.288852, 0.021995
10.276943, 0.016270
11.511529, 0.033191
11.286033, 0.046550
11.621457, 0.039001
10.006349, 0.022713
11.410057, 0.039791
11.362138, 0.048686
11.260666, 0.045031
11.384688, 0.033708
11.288853, 0.035958
11.339589, 0.049998
11.283215, 0.048829
11.190198, 0.032914
11.593271, 0.038938
11.350863, 0.056590
11.224023, 0.054635
11.283215, 0.043466
11.238115, 0.044270
11.390325, 0.049207
11.097181, 0.055648
11.418512, 0.048639
11.032351, 0.038333
11.379049, 0.045773
11.066176, 0.059239
11.311401, 0.045261
10.902692, 0.041037
11.364958, 0.042334
11.300127, 0.057442
10.885779, 0.052737
11.184561, 0.043271
11.274759, 0.037437
11.006984, 0.051922
11.049264, 0.064358
11.142281, 0.037443
11.207110, 0.039393
11.283215, 0.051014
11.080269, 0.057936
11.339589, 0.045890
10.905510, 0.042939
11.432606, 0.044886
10.908330, 0.050212
11.122549, 0.045422
11.381868, 0.033849
10.967522, 0.019289
11.187379, 0.030693
10.899873, 0.024545
11.204291, 0.001976
11.379050, 0.014395
10.572906, 0.018993
11.170468, 0.016153
10.804037, 0.010703
11.159193, 0.003938
11.029533, 0.007489
11.277577, 0.007574
10.837862, 0.007393
11.336769, 0.007535
10.984433, 0.005198
11.300127, 0.000705
11.023895, 0.001850
11.373413, 0.007514
10.806855, 0.005949
11.246572, 0.002497
11.004164, 0.001937
11.469248, -0.001420
10.784307, 0.001749
11.302945, 0.004607
11.015439, 0.001673
11.209929, -0.000178
11.156373, -0.007986
11.305763, 0.002084
10.911148, 0.008889
11.294489, -0.000328
10.933698, -0.000151
11.302945, -0.003522
10.849136, 0.000317
11.269122, 0.004474
10.998528, 0.001294
11.280396, 0.000308
10.894236, -0.000842
11.243753, -0.002862
10.891417, 0.000384
11.393145, 0.001869
10.987252, 0.001360
10.990070, -0.003274
11.381869, 0.000253
10.812494, 0.002446
11.331132, -0.000575
10.928061, 0.003158
10.651829, 0.005190
11.238115, -0.010715
11.026714, -0.005274
11.288852, 0.007104
11.006983, 0.004576
10.995708, 0.000328
11.410057, -0.004313
10.809674, -0.000850
11.333952, 0.001887
10.913966, -0.000978
11.235297, -0.001592
10.961884, -0.001512
11.350864, 0.001722
10.806856, 0.004143
11.218386, -0.001541
11.164829, -0.002210
11.049264, -0.003460
11.317039, 0.000713
10.973159, 0.003533
11.379050, 0.001361
11.029533, -0.001310
11.288852, -0.001954
10.959065, -0.001192
11.472067, 0.002272
10.826587, 0.001338
11.356501, 0.002216
11.063357, -0.000928
10.866048, -0.002149
11.333952, 0.001842
10.846317, 0.001298
11.221205, -0.004100
11.012620, -0.002399
11.424150, -0.002239
10.849136, 0.001774
11.350863, 0.003427
10.998527, 0.000203
11.345226, -0.000287
10.818130, -0.002647
11.240934, 0.000593
10.987253, 0.002916
11.232479, -0.001471
10.964703, -0.001465
11.150737, -0.000705
10.975979, 0.000792
11.350863, 0.001263
11.088725, -0.001568
11.145099, 0.000757
11.390326, 0.001574
10.944972, -0.000090
11.421330, 0.001277
10.860412, -0.002775
11.288853, -0.005500
10.992889, -0.001067
11.255028, 0.000100
10.981615, 0.004305
11.331133, 0.001356
11.009802, 0.000526
11.384687, -0.000427
10.885780, -0.000562
11.345226, 0.002408
10.967522, 0.002535
11.294490, -0.002258
10.978796, -0.001209
11.255028, 0.000392
10.911147, 0.004687
11.263484, 0.003326
11.032351, -0.005248
11.235298, -0.003269
10.913967, -0.004340
11.418512, -0.002281
10.744845, 0.000652
11.345226, 0.002037
11.040808, 0.001272
11.243754, -0.001379
10.998527, 0.001586
11.404419, 0.002784
11.001347, -0.001584
11.046445, -0.000692
11.305764, -0.001274
10.930879, 0.000683
11.339588, 0.001939
10.846318, -0.002470
11.350863, -0.002169
10.851956, -0.002848
11.302946, -0.000792
10.942154, 0.002504
11.286033, 0.001990
11.066176, -0.001415
11.147919, -0.000264
11.026713, 0.004143
11.364956, 0.004534
10.942154, -0.000478
11.381869, -0.000113
10.947790, -0.003833
11.162011, -0.003292
11.023896, -0.001863
11.181742, 0.002305
11.193017, -0.003865
11.015440, -0.000876
11.350864, 0.001828
10.981615, 0.005363
10.891418, -0.000567
11.153555, -0.002518
11.294490, 0.001558
10.809675, -0.000823
11.297308, -0.001269
10.964703, 0.001198
11.142281, -0.003268
11.131005, 0.002251
10.964703, 0.000690
11.198654, -0.002504
11.122549, 0.002492
11.288853, 0.000397
11.102818, -0.001573
11.314220, 0.000789
10.919603, 0.003820
11.097181, -0.000247
11.271940, -0.001467
11.091544, -0.003341
11.260665, -0.001420
10.939335, 0.001837
11.333951, 0.002681
10.992891, -0.000764
11.302945, 0.000291
10.953428, 0.001179
11.280396, -0.000237
10.973160, 0.000128
11.201472, 0.000566
11.260665, -0.003756
10.882960, -0.004013
11.252209, -0.000388
10.897055, 0.003143
11.263484, 0.000097
11.108457, -0.003093
11.317039, -0.000090
10.820950, -0.000068
11.252209, 0.002364
10.868868, 0.000726
11.336770, -0.003133
10.961884, -0.000492
11.302946, -0.000302
10.877323, 0.003145
11.257847, 0.004342
11.037989, -0.002546
11.094363, -0.001891
11.286034, -0.001095
10.933698, 0.002646
11.342407, 0.003950
11.088725, -0.005669
11.068995, -0.003290
11.221204, 0.002022
10.990070, 0.000324
11.271940, 0.001644
10.959065, -0.001374
11.133824, -0.002131
11.043626, -0.000547
11.266303, 0.000145
10.784307, 0.003025
11.153556, -0.001362
11.209929, -0.003586
10.863231, -0.000447
11.317039, 0.001065
10.953428, 0.004215
11.269122, 0.001271
11.060538, -0.002878
11.252209, 0.001776
10.840680, 0.000030
11.350863, 0.002889
11.006983, 0.000716
11.319858, -0.003418
10.947791, -0.000283
11.302946, 0.000451
10.880142, 0.002666
11.280396, 0.000961
11.077451, -0.007897
11.001347, -0.005187
11.286034, 0.000189
10.849136, 0.003288
11.195836, 0.004031
11.077451, -0.003882
11.246572, -0.000441
10.908329, 0.001329
11.286034, 0.001605
10.942154, 0.002496
11.116913, -0.003261
11.108457, -0.001557
11.286034, 0.000243
10.942153, 0.000445
11.260665, 0.002474
11.032351, -0.001087
11.288853, -0.003483
10.882960, 0.001127
11.350863, 0.000609
10.885779, 0.002071
11.274758, 0.000368
11.049263, -0.004253
11.153556, -0.003201
10.975978, 0.006966
11.156374, 0.003916
11.193017, -0.004280
11.128187, -0.005873
11.288852, 0.001720
10.888598, 0.002501
11.283216, 0.001246
11.071813, 0.002952
11.122550, -0.006017
11.060538, -0.002417
11.009802, 0.005004
11.255028, 0.006015
11.026714, -0.004557
11.246572, -0.004451
10.837863, 0.001991
11.091543, 0.000841
11.029533, 0.000213
11.173285, 0.000937
11.037989, -0.001206
11.283215, 0.002731
10.835043, -0.001351
11.260666, -0.002641
11.006983, 0.002061
11.229659, -0.000703
11.040808, 0.002265
11.170467, -0.003194
10.756120, -0.003014
11.142281, 0.000223
11.097181, -0.005347
11.232478, -0.000794
10.866049, -0.000591
11.257847, -0.002754
10.975979, 0.004063
11.294490, 0.000690
11.167648, 0.002320
11.232478, 0.005670
10.913967, 0.004634
11.156374, 0.016619
11.305764, 0.012536
11.215566, 0.015329
11.032352, 0.021954
11.218385, 0.017312
10.815313, 0.018229
11.308584, 0.020701
10.975978, 0.016994
11.418512, 0.012440
10.978796, 0.019019
11.269122, 0.020821
11.204291, 0.017005
10.953427, 0.024176
11.302946, 0.023262
11.026713, 0.023221
11.314220, 0.020310
11.023895, 0.020674
11.209929, 0.023988
10.970340, 0.020538
11.212748, 0.023412
11.314220, 0.023341
10.961885, 0.022241
11.342407, 0.023867
10.871685, 0.023257
11.331134, 0.024771
11.142281, 0.023428
11.221204, 0.019531
10.995708, 0.017317
11.255028, 0.026154
10.888599, 0.020318
11.111275, 0.017133
11.009803, 0.027766
11.009802, 0.023874
11.376232, 0.024933
10.995708, 0.023245
11.209929, 0.020011
11.342406, 0.029670
10.944971, 0.026258
11.280396, 0.023572
10.992889, 0.022652
11.142281, 0.019948
11.057720, 0.015511
11.376231, 0.024372
10.928060, 0.018242
11.006984, 0.013306
10.919604, 0.027149
11.249391, 0.022815
11.170467, 0.022650
11.105638, 0.027847
11.328314, 0.020001
10.846317, 0.017719
11.226841, 0.026687
10.922422, 0.022304
11.294489, 0.022351
10.894236, 0.029021
11.229660, 0.021801
10.795581, 0.025930
11.198654, 0.022775
11.162011, 0.021239
11.023895, 0.028813
11.102819, 0.019138
10.871687, 0.020229
11.331132, 0.025121
10.992889, 0.019675
11.429788, 0.019498
10.947791, 0.027107
11.243753, 0.022595
11.145099, 0.020729
11.266302, 0.024969
11.066175, 0.017582
11.100000, 0.026522
11.018258, 0.024501
11.243752, 0.017379
11.094363, 0.029488
11.159193, 0.019217
11.054901, 0.016900
11.398781, 0.019184
10.942154, 0.018171
11.367775, 0.020150
10.868868, 0.024492
11.243753, 0.026336
11.291672, 0.029848
11.142281, 0.041872
11.102818, 0.049473
11.128187, 0.060409
11.441061, 0.077877
11.100000, 0.115523
11.052082, 0.130025
10.908330, 0.129760
11.252210, 0.139125
10.792763, 0.161766
11.097181, 0.151442
11.012621, 0.126219
11.040808, 0.105979
10.736389, 0.072849
10.750483, 0.057105
10.795582, 0.026836
11.336769, 0.049840
11.300126, 0.077368
10.068359, 0.019948
10.674378, -0.001540
10.719477, 0.003890
11.249391, -0.007989
10.375596, 0.004748
11.111275, 0.021269
11.345226, 0.022997
11.435424, 0.009227
10.589817, -0.001585
11.314220, 0.009527
11.359319, 0.018922
11.508711, 0.002949
11.291671, 0.000946
11.548171, 0.006275
11.432605, 0.018108
11.703199, 0.009066
11.446699, -0.002830
11.503073, 0.000510
11.142281, 0.006715
11.590452, 0.005997
11.328314, -0.003581
11.370595, 0.004464
11.215567, 0.006006
10.928060, -0.002076
11.441061, -0.004223
11.116912, -0.002902
11.446699, -0.000855
11.029532, 0.005354
11.325496, 0.003036
10.795582, -0.006828
11.074632, -0.018080
10.990071, -0.028961
10.586998, -0.064739
11.037989, -0.137168
10.508076, -0.108138
10.606730, -0.213914
10.167014, -0.181015
10.725114, -0.138007
10.519350, -0.131992
10.522168, -0.137635
10.186745, -0.136560
10.809675, -0.179426
10.671559, -0.154800
11.108456, -0.169275
10.223388, -0.139346
10.485525, -0.295463
10.866049, -0.153576
11.286034, -0.149104
11.114094, -0.134126
10.646191, -0.074887
10.415058, -0.058350
10.327679, -0.115056
10.637734, -0.320939
11.139462, -0.144279
10.885779, -0.099776
10.823768, -0.098555
11.505892, -0.094777
10.640553, -0.072203
11.257846, -0.104669
10.894236, -0.122924
11.908964, -0.064982
10.307948, -0.055526
10.911148, -0.055885
10.840681, -0.035011
10.057085, -0.049712
10.009167, -0.097097
10.496800, -0.057038
10.671560, 0.002099
10.014805, 0.014676
10.214931, -0.043221
10.694109, -0.045556
12.063992, -0.041331
10.575725, -0.032068
11.255028, -0.022805
11.404419, -0.013290
10.276943, 0.006004
11.370595, 0.001090
10.183926, 0.011348
11.658100, 0.007521
10.750482, 0.003629
10.181107, 0.018329
11.322677, 0.050900
11.548172, 0.051877
10.477070, 0.047232
10.956246, 0.070519
11.646826, 0.087870
10.062722, 0.075281
11.652463, 0.101251
11.607365, 0.109290
11.297309, 0.094324
11.438243, 0.091157
10.925241, 0.103178
10.995709, 0.107447
11.009802, 0.096027
11.023895, 0.094990
10.392509, 0.098670
10.665922, 0.092618
10.711020, 0.087203
10.375597, 0.081500
10.471432, 0.074736
10.099365, 0.081781
10.313585, 0.080204
10.003531, 0.079304
10.347410, 0.074867
11.559446, 0.097937
10.499619, 0.080718
11.477705, 0.099290
11.804673, 0.092896
11.511528, 0.091963
11.669374, 0.094854
11.455154, 0.082330
11.737024, 0.078178
11.353682, 0.050260
11.649645, 0.034487
11.283214, 0.019363
11.336771, 0.029190
11.156375, 0.050669
10.448883, 0.049017
10.465794, 0.007917
11.294489, -0.001383
11.500255, -0.016783
10.674378, -0.010563
11.314221, 0.015240
11.294490, 0.021870
11.142281, -0.000073
11.311402, 0.005908
11.057720, 0.010067
11.514348, 0.020989
11.559446, 0.017166
10.006349, 0.012608
11.274758, 0.025053
11.381868, 0.034567
11.522803, 0.033799
11.229659, 0.023456
11.548172, 0.029783
11.364957, 0.043063
11.319859, 0.027341
11.240934, 0.028787
11.446698, 0.031988
11.263484, 0.044462
11.472067, 0.036735
11.142281, 0.030377
11.350863, 0.026651
11.136643, 0.040846
11.412875, 0.038102
11.240934, 0.025000
11.212748, 0.032951
11.209929, 0.032865
10.897055, 0.034585
11.356501, 0.036515
11.071814, 0.032924
11.364957, 0.031020
11.091544, 0.043143
11.308582, 0.036387
11.128186, 0.027387
11.204291, 0.034101
10.863231, 0.032451
11.317039, 0.036498
11.150736, 0.034921
11.331133, 0.030562
10.866049, 0.032095
11.373413, 0.036268
10.857592, 0.033247
11.359320, 0.026628
11.040808, 0.036341
11.145098, 0.019439
10.894236, 0.018163
11.195835, 0.015953
11.085907, 0.009255
11.224022, 0.009083
10.851955, 0.015465
11.142281, 0.014262
10.987252, 0.015006
11.314221, 0.006492
10.851955, -0.001039
11.339588, 0.007411
10.911148, 0.009071
11.252209, 0.001780
10.916786, 0.001477
11.133824, 0.002881
11.345226, 0.003951
10.778669, 0.001398
11.235296, 0.002059
10.930878, 0.004312
11.325495, 0.004330
10.995708, 0.002519
11.249391, 0.002634
10.967522, 0.002699
11.432605, 0.002421
10.770214, 0.000004
11.449517, -0.003548
10.758939, 0.003220
11.300128, 0.001387
10.919603, -0.000248
11.207109, -0.000614
10.981616, -0.002684
11.159192, 0.001086
10.832225, -0.000169
11.288852, -0.000454
11.153555, 0.001270
10.947791, -0.002743
11.226841, 0.001642
10.792763, 0.004429
10.899874, -0.002303
11.145099, 0.001310
10.916785, -0.004042
11.362139, -0.001776
10.792763, 0.003561
11.410056, 0.001498
10.882960, 0.002050
11.122550, -0.002972
11.317039, -0.004372
10.806856, 0.000309
11.362139, -0.000628
10.942154, 0.000408
11.339589, -0.000999
10.970341, -0.000502
11.142281, 0.002540
11.094362, 0.000192
11.373413, 0.002806
10.959066, 0.002976
10.990071, -0.007042
11.379050, -0.002053
10.992889, 0.003370
11.472068, 0.004153
11.029532, 0.002602
11.457973, -0.002661
10.854774, -0.001514
11.322677, -0.000639
11.052083, 0.001351
11.381868, 0.005255
10.880142, -0.003848
11.286033, -0.002226
10.851955, 0.002458
11.353683, 0.000839
10.944973, 0.001946
11.364957, -0.004077
10.832224, -0.000863
11.235297, 0.000609
11.026714, -0.002148
11.398782, -0.000905
10.815311, -0.000429
11.362138, -0.000231
10.792764, 0.003162
11.387506, 0.000168
11.023895, -0.000559
11.322677, -0.001177
10.967522, -0.000604
11.370594, 0.001974
10.975977, 0.000312
11.291671, 0.001692
10.899873, -0.002630
11.393144, -0.003474
10.716660, 0.000809
11.280396, 0.000806
10.981615, 0.000913
11.204292, -0.001515
10.959065, -0.000428
11.142281, 0.004170
10.947792, -0.000355
11.266302, -0.001580
10.866050, -0.002205
11.424150, -0.002543
10.688472, 0.001363
11.345226, 0.002529
10.975978, 0.001063
11.367775, -0.002224
11.071814, -0.003201
11.238115, 0.001945
10.939335, 0.000753
11.379050, 0.000187
11.035170, -0.000483
11.387506, -0.002707
10.936516, -0.000378
11.317039, 0.003396
11.037989, -0.001557
11.359320, -0.000531
11.021076, -0.001742
11.407237, 0.000287
10.877324, 0.003970
11.331133, 0.001073
10.981614, 0.000405
11.297309, -0.001628
10.854774, -0.001309
11.325496, -0.001562
10.894236, -0.001269
11.336769, 0.000742
10.981615, -0.000407
11.421331, -0.001939
10.792763, 0.001543
11.373413, 0.002670
10.970340, 0.000357
11.328314, -0.001704
11.012621, -0.002867
11.280396, 0.003046
10.894236, 0.001171
11.252209, 0.000003
10.936516, -0.001436
11.415693, -0.002484
10.846318, 0.001293
11.249392, 0.003085
11.057719, -0.000991
11.255028, -0.000662
11.004165, -0.002321
11.232478, 0.000689
10.947790, 0.002921
11.367775, -0.001664
11.029532, -0.000034
11.294491, 0.000088
10.851955, -0.000269
11.359320, 0.001025
10.868867, -0.000823
11.342407, 0.000890
10.894236, -0.002612
11.302946, -0.000794
10.888598, 0.002342
11.336770, 0.002023
10.970341, -0.000291
11.263483, -0.001493
10.950609, -0.002631
11.063357, 0.002004
11.300127, 0.001236
10.956246, -0.002901
11.305765, -0.001446
10.913966, -0.004141
11.260666, 0.001701
10.868867, 0.003825
11.235296, -0.000615
10.990071, 0.000376
11.159193, -0.001520
10.905511, -0.000370
11.291670, 0.003444
10.984433, -0.000627
11.232478, 0.000497
10.851955, -0.000512
11.235297, -0.001794
10.846317, 0.002061
11.204291, -0.000583
10.953428, -0.000136
11.207110, -0.002466
10.913967, -0.002403
11.384687, 0.003020
10.913966, 0.002473
11.184561, 0.000665
11.150737, -0.001254
11.181742, -0.000799
11.015439, 0.001558
11.288852, 0.001020
11.037989, -0.002449
11.184560, -0.001107
11.269122, -0.000915
10.956247, 0.003188
11.153555, 0.003327
11.046445, -0.005258
11.373413, -0.002989
10.868868, 0.002029
11.170467, 0.003247
11.004165, 0.002279
11.224023, -0.002007
10.913966, -0.001512
11.331133, -0.002543
10.868868, 0.001264
11.164829, 0.001427
11.026714, -0.003623
11.255028, -0.002152
10.756121, -0.001813
11.274759, 0.002667
10.992889, 0.005179
11.260666, -0.001358
11.212748, -0.000036
10.826588, -0.001192
11.162012, -0.005853
10.973160, -0.001672
11.291671, 0.001345
11.004164, -0.009249
11.269122, -0.009866
10.947790, -0.011271
10.877324, -0.018754
11.212748, -0.021265
11.221204, -0.030857
11.226841, -0.027651
11.080269, -0.019326
11.181742, -0.023504
11.116913, -0.031060
11.147918, -0.038010
11.367775, -0.038862
11.108456, -0.025698
11.328314, -0.026704
11.040808, -0.033632
10.964703, -0.037037
11.514347, -0.031946
11.077450, -0.027519
11.249391, -0.033503
11.100000, -0.037853
11.114093, -0.039342
11.364957, -0.032318
10.998528, -0.031986
11.308583, -0.036949
10.973159, -0.037980
11.418512, -0.033734
10.888598, -0.026349
11.342408, -0.028057
10.970340, -0.038712
11.100000, -0.037526
11.068995, -0.034611
11.088726, -0.035606
11.170466, -0.038615
11.145100, -0.042961
11.387506, -0.035549
11.085906, -0.029328
11.280396, -0.029495
11.167648, -0.037770
11.066175, -0.040282
11.331133, -0.032622
10.840681, -0.033035
11.162012, -0.042332
11.193017, -0.041412
10.933698, -0.034263
11.108457, -0.026011
11.105637, -0.033831
11.125367, -0.042338
11.060539, -0.039594
11.376232, -0.033040
10.905511, -0.035117
11.305765, -0.038279
10.916785, -0.038008
11.407237, -0.036085
11.021077, -0.034224
11.277577, -0.033223
10.812494, -0.036327
11.190198, -0.036367
11.001347, -0.029053
11.302946, -0.029810
11.201473, -0.040520
10.944973, -0.048780
11.336771, -0.040554
10.846318, -0.032892
11.207110, -0.032097
11.052082, -0.039017
11.125368, -0.033027
11.207109, -0.028782
10.806856, -0.031611
11.333951, -0.033474
10.809675, -0.035748
11.271940, -0.033645
11.057720, -0.038486
11.331132, -0.039787
11.032351, -0.039003
11.277577, -0.037530
10.913966, -0.034563
11.356500, -0.033328
11.046444, -0.039636
10.956246, -0.042913
11.333950, -0.035938
10.846318, -0.027844
11.193017, -0.036051
11.085907, -0.042703
11.325495, -0.035711
10.874504, -0.032068
11.263484, -0.031204
10.891418, -0.029727
11.224022, -0.034144
11.049264, -0.032590
11.381869, -0.030197
10.967522, -0.027986
11.255028, -0.025970
10.818131, -0.022018
11.266303, -0.013396
10.961884, -0.007949
11.226841, -0.007145
10.998527, -0.009136
11.280396, 0.001388
10.832225, 0.009084
11.209929, 0.006402
11.026714, 0.007646
11.336770, 0.010745
10.846317, 0.017306
11.356502, 0.024006
10.950610, 0.021031
11.283215, 0.019126
11.068995, 0.020131
11.297308, 0.028980
10.978796, 0.029052
11.415694, 0.026296
10.677197, 0.027423
11.238115, 0.021489
10.975978, 0.018268
11.393144, 0.010209
10.888598, 0.005671
11.170467, 0.009310
10.846317, 0.004431
11.111275, 0.008369
11.294490, 0.002715
10.888598, -0.001286
11.286034, 0.001173
10.550355, -0.002616
11.071814, -0.016220
11.139462, -0.019482
11.136643, -0.015081
11.322676, -0.019475
10.801219, -0.016149
11.274758, -0.023482
11.040808, -0.029199
11.370594, -0.024445
10.919604, -0.030834
11.390326, -0.031684
10.851956, -0.030475
11.432606, -0.029591
10.975978, -0.028188
11.077450, -0.029781
11.131005, -0.030436
11.325495, -0.034127
10.902691, -0.029040
11.224023, -0.021920
10.970341, -0.019685
11.319859, -0.018675
11.176105, -0.010527
11.125368, -0.001415
10.857593, 0.001709
11.381869, 0.004791
10.998528, 0.005972
11.393143, 0.014029
10.885779, 0.014605
11.235297, 0.011857
10.880142, 0.018455
11.294490, 0.019886
11.218385, 0.027410
10.902692, 0.024729
11.238116, 0.022273
10.820950, 0.028151
11.333951, 0.025128
11.021077, 0.029209
11.455155, 0.026117
10.843498, 0.028297
11.319859, 0.030441
11.009801, 0.026311
11.232479, 0.018137
11.083088, 0.017235
11.263484, 0.015967
10.936516, 0.008718
11.370595, 0.006199
10.739207, 0.003146
11.102819, -0.002053
10.922422, -0.001075
10.789945, -0.011317
11.190197, -0.008552
10.871686, -0.011997
11.150736, -0.022823
10.950609, -0.025740
11.311402, -0.021690
11.001346, -0.025652
11.331133, -0.024955
10.871686, -0.028119
11.424150, -0.028697
10.998528, -0.023742
11.288852, -0.030910
11.043627, -0.030867
11.517166, -0.036156
10.877323, -0.032664
11.311402, -0.026664
10.990071, -0.029439
11.142280, -0.036809
11.446699, -0.033570
10.894236, -0.029403
11.207109, -0.028238
11.012621, -0.021307
11.367776, -0.020385
10.944973, -0.014842
11.339588, -0.008098
10.922422, -0.009607
11.280396, -0.010024
10.995708, -0.007193
11.218385, -0.002181
11.012621, 0.005729
11.350863, 0.013783
10.877324, 0.011117
11.167648, 0.018337
11.280396, 0.022531
10.978797, 0.015736
11.305763, 0.024271
10.761757, 0.023591
11.350863, 0.025363
11.057719, 0.029820
11.336770, 0.026254
11.009802, 0.023992
11.229660, 0.034677
10.947790, 0.030159
11.195835, 0.029107
11.286035, 0.030548
10.682835, 0.023209
11.319858, 0.027383
10.773032, 0.019946
11.145099, 0.012649
11.150737, 0.015637
10.930880, 0.006399
11.300127, 0.012327
10.959066, 0.014135
11.336771, 0.005589
10.874504, 0.002266
11.176105, 0.000744
10.603911, -0.003203
11.139462, -0.012408
10.981615, -0.020250
11.331133, -0.017752
11.004166, -0.016210
11.319858, -0.013190
11.035171, -0.019053
11.269121, -0.020557
11.300127, -0.022742
11.133824, -0.025739
11.243753, -0.023632
11.071814, -0.025126
11.266303, -0.027145
11.052082, -0.026799
11.291672, -0.025075
10.947791, -0.024831
11.367776, -0.021661
11.066176, -0.023286
11.142281, -0.029659
11.283215, -0.025168
10.984433, -0.031130
11.300127, -0.032045
11.026713, -0.026868
11.164830, -0.025276
10.959065, -0.021315
11.300128, -0.019345
10.908329, -0.023101
11.348045, -0.024050
10.868869, -0.016062
11.328315, -0.011835
11.012621, -0.011962
11.297309, -0.010938
10.913965, -0.012590
11.232479, -0.004359
10.911148, 0.005973
11.373414, 0.007491
11.142281, 0.010064
10.899873, 0.012190
11.252210, 0.012636
11.037990, 0.019256
11.252210, 0.014757
10.995708, 0.013572
11.514347, 0.019845
10.843499, 0.024038
11.232478, 0.020891
11.074632, 0.017507
11.156374, 0.018592
11.232479, 0.023039
11.029532, 0.029367
11.235296, 0.027770
11.094363, 0.027304
11.105638, 0.021244
11.009802, 0.018321
11.054901, 0.027319
11.308584, 0.022257
10.959064, 0.024128
11.263484, 0.024427
10.784307, 0.019628
11.339588, 0.018605
10.967522, 0.013767
11.212749, 0.009385
10.736389, 0.003619
11.238115, 0.010591
10.899873, 0.003046
11.201473, -0.009163
10.928061, -0.008498
11.145100, -0.007454
10.843499, -0.009185
11.060538, -0.014313
11.328314, -0.019245
11.209929, -0.017449
11.184561, -0.017592
10.818131, -0.019490
11.224023, -0.019714
11.052082, -0.025142
11.122549, -0.025274
11.348043, -0.016547
10.837862, -0.023338
11.348045, -0.026143
10.930879, -0.027601
11.325495, -0.029042
11.238115, -0.029792
11.147918, -0.024767
11.209929, -0.029963
10.987252, -0.026609
11.297309, -0.016890
10.874504, -0.020541
11.068994, -0.024791
11.105638, -0.034523
11.066176, -0.037961
11.331133, -0.031456
10.922422, -0.028359
11.021076, -0.032716
11.446699, -0.024627
10.877324, -0.012352
10.840681, -0.005350
11.184560, 0.000563
11.015440, -0.005045
11.116912, 0.000786
11.057720, 0.006770
11.139462, 0.005980
10.947791, 0.017631
11.345226, 0.014239
11.252210, 0.019193
10.959065, 0.018854
11.097181, 0.011878
10.942154, 0.023220
11.240934, 0.016476
11.257847, 0.018602
11.145100, 0.026718
11.006983, 0.019833
11.410055, 0.024668
10.995708, 0.028646
11.395962, 0.026548
11.300127, 0.029935
11.288852, 0.035228
10.908329, 0.021061
11.350863, 0.019938
10.851955, 0.023537
11.235297, 0.021819
11.266302, 0.030497
10.849137, 0.021873
11.277577, 0.010114
10.677197, 0.011483
11.201473, 0.007762
11.077450, 0.007534
11.091543, 0.003926
11.032351, -0.009151
11.243753, -0.004444
10.632097, -0.000481
11.226841, -0.007185
10.967522, -0.009224
11.291672, -0.018703
11.170467, -0.026576
11.235297, -0.018217
11.153555, -0.016468
10.930879, -0.026220
11.328314, -0.020690
11.173286, -0.018390
11.407237, -0.024637
10.795582, -0.027505
11.333951, -0.027564
11.012621, -0.022213
11.339589, -0.020939
11.221204, -0.027722
11.001346, -0.033426
11.224022, -0.027003
11.018257, -0.020805
11.283216, -0.022463
11.139462, -0.029225
11.407237, -0.027206
10.764576, -0.024306
11.319859, -0.027807
10.956246, -0.028682
11.322677, -0.029264
11.009803, -0.022962
11.277577, -0.013086
10.897055, -0.013353
11.240934, -0.012518
11.026714, -0.009598
11.356501, -0.009147
11.122549, -0.006572
11.173286, 0.002468
11.029532, 0.001558
11.280396, 0.009562
10.933698, 0.012050
11.325495, 0.013484
10.908329, 0.016476
11.249391, 0.007582
10.975978, 0.011066
11.193017, 0.017061
11.201472, 0.024545
11.353682, 0.017529
10.770213, 0.010395
11.243753, 0.017289
11.029532, 0.017062
11.167648, 0.010840
10.992889, 0.014152
11.139462, 0.026520
11.043626, 0.027129
11.376232, 0.025128
10.860412, 0.021415
11.283214, 0.017702
10.866049, 0.023108
11.280396, 0.012714
10.978796, 0.007700
11.170468, 0.011347
10.702564, 0.011352
11.395963, 0.017945
10.871686, 0.012582
10.998528, 0.001970
11.294490, 0.005308
10.863230, 0.006286
11.297309, 0.001573
10.744844, 0.002333
11.139462, -0.003631
10.984434, -0.007173
11.215567, -0.011913
10.826587, -0.010721
11.345226, -0.011304
11.085907, -0.017612
11.376232, -0.019665
10.882961, -0.020918
11.367776, -0.019037
10.956247, -0.014774
11.167648, -0.022442
11.415693, -0.024494
10.818131, -0.018432
11.221204, -0.018126
11.037989, -0.013651
11.224022, -0.018562
11.178924, -0.022960
11.094363, -0.017333
11.119732, -0.017959
11.252210, -0.027551
11.170467, -0.028499
11.415694, -0.024837
11.054901, -0.021424
11.291671, -0.018560
10.727933, -0.023113
11.314220, -0.026226
10.854774, -0.019654
11.362139, -0.015920
11.066176, -0.010833
11.181742, -0.012126
11.119731, -0.009608
11.302946, 0.001437
10.787126, 0.006022
11.300127, 0.005475
10.885780, 0.006865
11.291671, 0.005222
10.882961, 0.009870
11.305765, 0.015233
10.899873, 0.013980
11.333950, 0.014286
10.964703, 0.015635
11.426968, 0.018745
10.911148, 0.017856
11.300127, 0.018947
10.950610, 0.018560
11.181742, 0.012462
11.074632, 0.015188
11.108456, 0.007772
11.364957, 0.006436
10.756120, 0.008206
11.063357, 0.012922
11.432605, 0.011995
10.967522, 0.001555
11.325496, -0.000834
10.736388, 0.001905
11.190199, -0.001742
10.835043, -0.004734
11.085907, -0.013557
11.015440, -0.018007
11.240934, -0.016364
10.984434, -0.017856
11.426968, -0.019713
11.001346, -0.017276
11.415693, -0.019011
11.105638, -0.017005
11.283215, -0.013311
11.049263, -0.018222
11.376231, -0.017137
10.933697, -0.015066
11.243752, -0.018922
11.015439, -0.022465
11.305764, -0.026062
10.933698, -0.024173
11.333952, -0.019595
10.964704, -0.025536
11.370594, -0.029716
10.933697, -0.027445
11.390326, -0.021810
10.897055, -0.018283
11.198654, -0.022757
10.868868, -0.034728
11.139462, -0.048122
11.173286, -0.065886
11.249391, -0.081046
10.764576, -0.121212
11.356502, -0.231582
10.119096, -0.151100
10.082453, -0.137722
11.373413, -0.156873
10.902691, -0.144911
10.265668, -0.103446
10.415059, -0.092096
10.353047, -0.073631
10.209294, -0.040902
10.840680, -0.021740
11.725749, -0.012954
11.435425, -0.012600
10.378415, -0.004824
10.730751, -0.014179
11.570722, -0.005367
10.299492, -0.034885
10.899873, -0.020944
11.195835, -0.011289
10.138826, -0.003694
11.480523, -0.006733
11.348044, -0.007580
10.164195, -0.004505
10.172651, -0.015261
11.176105, -0.018091
11.601727, -0.007217
11.328314, -0.000308
11.359319, -0.008793
11.632732, -0.003789
11.068995, 0.000196
11.675013, -0.000195
11.184562, -0.000775
11.441061, -0.004837
11.255028, -0.005265
11.472067, -0.003885
11.032351, 0.000451
11.483341, -0.000007
11.159193, -0.003888
11.542534, -0.002335
10.854774, -0.002121
11.390326, 0.001795
11.068995, 0.002117
11.280396, -0.003519
11.063356, -0.001646
11.305764, 0.000697
10.992889, 0.000497
11.362138, 0.002109
11.147918, -0.001733
11.390326, -0.001876
10.781488, -0.001502
11.280396, -0.002248
10.947790, 0.000775
11.333952, -0.001060
11.100000, -0.003845
11.226841, -0.000303
10.992889, 0.000263
11.438244, 0.004527
10.944972, 0.000040
11.297309, -0.003633
10.916785, 0.000444
11.305764, -0.000409
10.953429, 0.003167
11.317039, 0.000982
11.181742, -0.004453
11.297308, -0.001265
10.806855, 0.000503
11.322677, 0.002677
11.080270, 0.000607
11.136643, -0.005884
11.094362, -0.000088
11.142281, 0.003129
10.933697, -0.000280
11.370594, 0.000730
11.108456, -0.000399
11.376232, -0.000372
10.784307, -0.000221
11.359319, 0.002513
11.006983, 0.003526
11.255028, -0.002320
10.944972, -0.002574
11.274758, 0.000419
10.863230, 0.001886
11.283216, 0.000243
11.114094, -0.003103
11.353683, -0.002284
10.829407, -0.000613
11.263484, 0.000589
10.959065, 0.001652
11.280396, -0.000646
11.085906, 0.000470
11.212748, 0.001014
10.944972, 0.000981
11.359320, 0.004905
11.074633, -0.000720
11.348045, -0.003534
10.815311, -0.001544
11.277578, -0.000530
10.981616, 0.001274
11.274758, -0.001771
11.209929, -0.002657
10.936516, 0.004062
11.283215, 0.000857
10.964703, 0.000648
11.201473, -0.000631
11.187380, -0.003297
11.291670, -0.000115
10.843498, 0.000682
11.280396, 0.003606
10.950610, 0.002413
11.376231, -0.003557
10.964704, -0.002331
11.317039, -0.001337
10.851955, 0.000370
11.311401, 0.002393
11.128186, -0.003873
11.249392, -0.003441
10.857593, 0.001258
11.238115, 0.004878
11.004165, 0.002206
11.350863, -0.002026
10.978797, -0.002298
11.240934, 0.001982
10.908330, 0.001436
11.359320, 0.000747
11.040808, -0.002761
11.142281, -0.001869
10.908329, 0.000034
11.266302, -0.001648
11.066175, -0.000411
11.094362, -0.000719
11.407237, -0.001883
10.835044, 0.000902
11.342408, 0.001454
10.970341, 0.004654
11.178924, 0.000210
11.102818, -0.003033
11.212749, -0.000816
10.995708, 0.001551
11.283215, 0.002201
10.908329, -0.001813
11.395963, -0.003368
10.902692, -0.000541
11.331133, -0.000185
10.888599, 0.001147
11.201473, 0.000178
11.167648, -0.002971
11.266303, 0.001596
10.843499, 0.000440
11.263483, 0.002177
10.964704, 0.001323
11.308583, -0.001990
11.018257, -0.000713
11.215567, -0.000028
10.806856, 0.000438
11.325496, 0.000954
11.032351, -0.000583
11.319858, -0.001100
10.891417, -0.001064
11.300127, -0.000487
10.939335, 0.001455
11.232478, -0.001149
11.074633, -0.000918
11.269122, -0.000337
10.818130, 0.000821
11.350863, 0.002994
10.987251, 0.000930
11.410057, -0.001747
10.837862, -0.000661
11.283215, -0.001561
10.866049, 0.000260
11.288852, -0.001337
11.066175, -0.003066
11.280396, 0.000093
10.789944, 0.001359
11.283215, 0.002204
11.102818, 0.001237
11.311402, -0.002404
10.944973, -0.000407
11.184561, 0.000667
10.950610, 0.000860
11.345226, 0.001493
10.995708, -0.002380
11.238116, -0.001257
10.860412, -0.001791
11.271940, -0.000085
11.054901, 0.001280
11.094363, 0.000378
11.359319, -0.000483
10.806856, 0.000579
11.280396, -0.001096
10.981615, 0.000469
11.249391, 0.002850
11.037989, -0.002290
11.243753, -0.003920
10.885779, 0.001208
11.088726, 0.005051
11.294490, 0.000154
11.001346, -0.002543
11.305764, -0.000168
10.756120, -0.000712
11.283216, 0.000127
10.973159, 0.000301
11.229660, -0.003928
10.885779, 0.000503
11.215566, 0.002109
11.012621, 0.000471
11.350863, 0.002872
11.018258, -0.002957
11.297308, -0.000243
10.722295, 0.001431
11.221203, -0.001357
10.987252, 0.000540
11.255028, -0.003009
10.942154, -0.001761
11.204291, 0.002088
10.882961, 0.000782
11.424150, 0.000443
10.978796, -0.001179
11.367775, -0.002469
10.682834, 0.002537
11.004165, 0.002003
11.362138, 0.001357
10.987252, 0.000331
11.384687, -0.002945
10.781488, 0.002171
11.198653, 0.002118
11.040808, -0.002953
11.350863, -0.001248
11.032351, -0.002475
11.226841, 0.000885
10.820950, 0.001530
11.037989, -0.001089
11.328315, 0.001905
11.018257, -0.002571
11.260665, 0.000876
10.775851, 0.003225
11.195835, -0.000595
11.116913, 0.001759
11.288853, -0.002441
10.978796, -0.002024
11.193017, 0.002007
11.012621, -0.001083
11.415693, 0.001272
10.964703, -0.001265
11.322676, -0.003049
10.680016, 0.001556
11.226841, 0.001172
11.066175, 0.001108
11.314220, -0.002367
11.077450, -0.003188
11.207110, 0.002505
10.820950, 0.000448
11.404419, -0.000755
10.975977, 0.000823
11.353683, -0.002631
10.781488, 0.000336
11.215567, -0.000024
10.944973, -0.000832
11.339589, 0.000829
10.990072, -0.001696
11.336770, 0.000865
10.640553, 0.001082
11.328314, -0.001603
11.032351, 0.001782
11.333951, -0.002365
10.908329, 0.000210
11.240934, 0.002602
10.922422, -0.000447
11.429788, 0.002878
10.992889, -0.001347
11.294490, -0.001160
10.702565, -0.000600
11.094363, -0.016856
11.173286, -0.037417
11.043626, -0.048932
10.902692, -0.063079
11.209929, -0.084390
11.181742, -0.104240
11.249390, -0.125259
11.170466, -0.115875
11.390326, -0.080699
10.970340, -0.046671
11.689106, -0.000172
10.446064, 0.038419
10.820950, 0.062168
11.040808, 0.081839
11.229660, 0.082724
10.939335, 0.094522
11.266302, 0.090814
10.978796, 0.104619
11.142281, 0.117278
11.018258, 0.141766
11.032351, 0.146713
11.649645, 0.148022
11.009803, 0.163576
10.488344, 0.158951
11.074633, 0.218432
10.688471, 0.085256
10.753302, -0.017190
10.161376, -0.069638
11.009802, -0.094753
10.956247, -0.056323
11.559446, -0.044873
10.085272, -0.028750
10.601091, -0.073330
10.237481, -0.110227
10.691289, -0.174387
11.790579, -0.146350
11.432606, -0.113594
11.379050, -0.114886
10.744845, -0.170701
10.919603, -0.160261
11.187380, -0.122191
11.359320, -0.112382
11.565084, -0.108784
10.868867, -0.077283
11.037989, -0.039502
10.479888, -0.023006
10.474251, 0.007134
11.302946, 0.031168
10.722295, 0.058165
10.051448, 0.049931
10.533442, 0.036536
10.722296, 0.038950
10.798401, 0.045457
10.933698, 0.077381
11.356501, 0.072272
10.400966, 0.080780
10.691290, 0.109614
10.054266, 0.109093
11.627095, 0.148181
10.367140, 0.136976
11.460792, 0.178997
11.021077, 0.180211
11.711656, 0.161702
10.564449, 0.092083
10.212113, 0.074530
10.789943, 0.025868
11.068995, -0.045724
10.643372, -0.107832
10.725116, -0.118737
10.680015, -0.075156
11.274759, -0.061551
10.823769, -0.046838
11.032352, -0.019984
10.133188, -0.021973
10.395328, -0.025220
10.508076, -0.089132
11.697562, -0.069898
11.505891, -0.047121
10.054266, -0.035566
10.347410, -0.008352
11.362139, 0.005718
10.482707, 0.004622
11.083088, -0.000659
11.074632, -0.001499
10.496800, -0.004479
10.262849, -0.005436
10.522169, -0.002926
9999, 9999
TargetVelocity, CurrentVelocity
1.887966, 1.757654
1.978908, 1.781815
2.066265, 1.757654
2.153824, 1.926776
2.243684, 2.005296
2.331334, 2.126097
2.421081, 2.162338
2.509633, 2.373739
2.598163, 2.313339
2.688925, 2.319379
2.776665, 2.567021
2.867111, 2.554941
2.956384, 2.887144
3.045049, 2.808623
3.135608, 2.530781
3.223077, 2.742182
3.314065, 2.802583
3.402459, 2.808623
3.493852, 3.146866
3.581502, 3.605909
3.581502, 3.678390
3.844394, 3.309947
3.844394, 2.850903
3.844394, 3.074385
3.844394, 3.219346
3.678329, 3.255587
3.645013, 3.648190
3.611349, 3.563629
3.577499, 3.466988
3.577499, 3.503229
3.577499, 3.128746
3.577499, 3.056265
3.577499, 3.400548
3.577499, 3.551549
3.577499, 3.521349
3.577499, 3.303907
3.577499, 3.092505
3.577499, 3.249547
3.577499, 3.545509
3.577499, 3.539469
3.577499, 3.563629
3.577499, 3.551549
3.577499, 3.545509
3.577499, 3.750871
3.549676, 3.394508
3.510411, 3.303907
3.510411, 3.448868
3.510411, 3.466988
3.510411, 3.418668
3.510411, 3.394508
3.510411, 2.802583
3.510411, 3.388468
3.510411, 3.412628
3.510411, 3.400548
3.510411, 3.732750
3.510411, 3.617990
3.510411, 3.436788
3.510411, 3.315987
3.510411, 3.352227
3.510411, 3.134786
3.510411, 3.291827
3.601578, 3.098545
3.689386, 3.086465
3.778908, 3.346187
3.955516, 3.297867
4.045578, 3.237466
4.131853, 3.587789
4.222592, 3.968313
4.310265, 4.270315
4.400689, 4.318635
4.489985, 4.191794
4.711906, 4.089113
4.711906, 3.672350
4.711906, 3.895832
4.711906, 4.161594
4.711906, 3.835431
4.711906, 3.527389
4.711906, 3.533429
4.711906, 3.273707
4.711906, 3.080425
4.711906, 3.551549
4.711906, 3.297867
4.711906, 3.207266
4.711906, 3.406588
4.800436, 3.660270
4.890860, 3.672350
4.977698, 3.406588
5.067918, 3.303907
5.154666, 3.195186
5.334589, 3.140826
5.334589, 2.971704
5.510926, 3.521349
5.510926, 3.491148
5.690195, 3.497189
5.780438, 3.750871
5.780438, 4.113274
5.957745, 4.481717
6.045868, 4.687078
6.135954, 4.517957
6.225205, 3.732750
6.500000, 3.563629
6.500000, 3.660270
6.500000, 3.974352
6.500000, 4.445477
6.500000, 4.753519
6.500000, 4.149514
6.500000, 3.865632
6.500000, 4.077034
6.500000, 4.119314
6.500000, 3.926032
6.500000, 4.010593
6.500000, 4.040793
6.500000, 4.004553
6.500000, 4.016633
6.500000, 4.095153
6.500000, 4.342795
6.500000, 4.300515
6.500000, 4.252195
6.500000, 4.185754
6.500000, 4.270315
6.500000, 4.276355
6.500000, 4.306555
6.500000, 4.276355
6.500000, 4.360916
6.500000, 4.578357
6.500000, 4.674998
6.500000, 4.699158
6.500000, 4.523997
6.500000, 4.566278
6.500000, 4.560237
6.500000, 4.584397
6.500000, 4.632718
6.500000, 4.765599
6.500000, 4.795799
6.500000, 4.723319
6.500000, 4.711238
6.342794, 4.771639
6.276017, 5.007201
6.242903, 4.868280
6.209264, 4.832039
6.176370, 4.880360
6.109085, 5.097802
6.076859, 4.934721
6.042908, 4.946800
6.010453, 5.055521
5.943744, 5.206522
5.910038, 5.067601
5.877685, 5.037401
5.843878, 5.067601
5.776635, 5.260883
5.744240, 5.200482
5.710415, 5.176322
5.643866, 5.109882
5.610617, 5.303164
5.577063, 5.266923
5.510378, 5.279003
5.477104, 5.279003
5.443550, 5.242763
5.409912, 5.206522
5.343193, 5.037401
5.310155, 5.206522
5.276136, 5.097802
5.209908, 5.013241
5.177209, 5.460205
5.143807, 5.085721
5.077165, 4.952840
5.043434, 4.970961
5.011191, 4.681038
4.977485, 4.964921
4.943619, 4.910560
4.877036, 4.717278
4.844438, 4.880360
4.810639, 4.747479
4.776925, 4.711238
4.743853, 4.608558
4.677186, 4.469636
4.643116, 4.723319
4.609748, 4.542117
4.575696, 4.439436
4.543267, 4.445477
4.509197, 4.385076
4.476278, 4.481717
4.409052, 4.270315
4.375254, 4.318635
4.342597, 4.052873
4.308324, 4.366956
4.275540, 4.258235
4.241377, 4.185754
4.208965, 4.137434
4.208965, 3.998513
4.208965, 4.167634
4.208965, 4.083073
4.208965, 4.155554
4.208965, 3.974352
4.208965, 4.004553
4.044903, 3.919992
4.011332, 3.932072
3.977770, 3.919992
3.944047, 3.787111
3.911652, 3.956232
3.877921, 3.817311
3.845331, 3.732750
3.811287, 3.611949
3.778156, 3.811271
3.778156, 3.587789
3.778156, 3.738791
3.778156, 3.636110
3.778156, 3.781071
3.744188, 3.587789
3.711505, 3.666310
3.677580, 3.714630
3.677580, 3.678390
3.677580, 3.611949
3.677580, 3.593829
3.677580, 3.521349
3.677580, 3.690470
3.677580, 3.557589
3.677580, 3.630070
3.677580, 3.708590
3.677580, 3.636110
3.677580, 3.853551
3.677580, 3.720670
3.677580, 3.394508
3.677580, 3.473028
3.677580, 3.714630
3.677580, 3.599869
3.825181, 3.799191
3.825181, 3.732750
3.825181, 3.756911
3.825181, 3.974352
3.825181, 3.539469
3.825181, 3.563629
3.825181, 3.581749
3.825181, 3.787111
3.825181, 3.799191
3.825181, 4.004553
3.825181, 3.726711
3.825181, 2.645542
3.825181, 3.086465
3.825181, 3.575709
3.825181, 3.859591
3.825181, 3.847512
3.878543, 3.768991
3.878543, 3.714630
3.878543, 3.841471
3.878543, 4.113274
3.721190, 3.877712
3.688220, 3.430748
3.621493, 3.473028
3.587745, 3.473028
3.554073, 3.315987
3.521627, 3.515309
3.487803, 3.213306
3.454892, 2.808623
3.421524, 2.295219
3.387311, 3.479069
3.354603, 3.370347
3.288130, 3.376388
3.254162, 3.177066
3.119878, 3.249547
3.119878, 3.086465
3.119878, 2.869023
3.119878, 2.820703
3.119878, 3.092505
3.119878, 2.893184
3.119878, 2.385819
3.119878, 2.409980
3.119878, 3.225386
3.119878, 3.110626
3.119878, 3.183106
3.119878, 3.273707
3.119878, 3.050225
3.119878, 3.352227
2.947815, 2.869023
2.914262, 2.887144
2.882137, 2.887144
2.848710, 2.796543
2.815884, 2.730102
2.782465, 2.814663
2.748388, 2.434140
2.714893, 2.434140
2.681804, 2.742182
2.648699, 2.409980
2.614756, 2.597221
2.581997, 2.385819
2.515287, 2.542861
2.481624, 2.295219
2.448671, 2.458300
2.415337, 2.301259
2.382527, 2.482460
2.348644, 2.065697
2.315716, 2.440180
2.315716, 2.065697
2.282796, 2.379779
2.248871, 2.029457
2.216383, 2.186498
2.182609, 2.428100
2.149351, 2.150258
2.115823, 2.083817
2.082176, 2.222738
2.014985, 2.174418
2.014985, 2.246898
2.014985, 2.005296
2.014985, 2.180458
2.014985, 1.987176
2.014985, 1.963016
2.014985, 1.914696
2.014985, 2.114017
2.014985, 1.745574
2.014985, 1.497932
2.014985, 1.824095
2.014985, 1.999256
2.014985, 1.117409
2.014985, 2.204618
2.014985, 1.944896
2.014985, 2.071737
2.014985, 2.240858
2.014985, 2.271059
2.014985, 1.944896
2.014985, 2.198578
2.014985, 1.709334
2.014985, 2.017376
2.014985, 2.252939
2.014985, 2.210658
2.107415, 1.044929
2.107415, 1.250290
2.189022, 2.234818
2.352889, 2.452260
2.437405, 1.721414
2.525326, 1.352971
2.606594, 1.485852
2.696928, 1.745574
2.981677, 1.636853
2.981677, 2.005296
2.981677, 1.896575
2.981677, 2.271059
2.981677, 2.186498
2.981677, 2.180458
2.981677, 2.114017
2.981677, 2.198578
2.981677, 2.440180
2.810663, 2.331459
2.776881, 2.699902
2.742726, 2.397900
2.742726, 2.506620
2.742726, 2.560981
2.742726, 2.875063
2.742726, 2.597221
2.742726, 2.639502
2.742726, 2.675742
2.742726, 2.844863
2.742726, 2.591181
2.742726, 2.663662
2.742726, 2.693862
2.742726, 2.784463
2.742726, 2.881104
2.742726, 2.675742
2.742726, 2.784463
2.606917, 2.536821
2.606917, 2.603261
2.606917, 2.506620
2.606917, 2.500581
2.606917, 2.367699
2.606917, 2.766343
2.606917, 2.331459
2.606917, 2.536821
2.606917, 2.319379
2.606917, 2.494540
2.606917, 2.488500
2.606917, 2.524741
2.606917, 2.621382
2.606917, 2.506620
2.606917, 2.518701
2.606917, 2.440180
2.606917, 2.567021
2.694184, 2.506620
2.874219, 2.573061
2.961959, 2.681782
3.051458, 3.068345
3.138657, 3.195186
3.228292, 3.183106
3.319324, 2.645542
3.403908, 2.929424
3.493271, 3.430748
3.579704, 3.636110
3.668977, 2.754262
3.757213, 2.850903
3.847434, 3.334107
3.934137, 3.007945
4.024831, 3.038145
4.112706, 3.364307
4.203107, 3.654230
4.416336, 3.430748
4.416336, 3.158946
4.416336, 3.164986
4.416336, 3.219346
4.508090, 3.352227
4.594365, 3.442828
4.684788, 3.539469
4.772912, 3.581749
4.862591, 3.545509
4.951842, 3.762951
5.042288, 3.551549
5.129577, 3.569669
5.219933, 3.642150
5.307403, 3.684430
5.397826, 3.901872
5.484619, 3.871672
5.574772, 3.871672
5.662760, 4.052873
5.753004, 3.901872
5.840158, 4.125354
5.930108, 4.064953
6.017239, 3.974352
6.108384, 4.022673
6.196282, 3.992473
6.284203, 4.215954
6.500000, 4.318635
6.500000, 4.185754
6.500000, 4.167634
6.500000, 4.167634
6.500000, 4.360916
6.500000, 4.336755
6.500000, 4.324676
6.500000, 4.354876
6.500000, 4.294475
6.500000, 4.463596
6.500000, 4.433396
6.500000, 4.463596
6.500000, 4.457556
6.500000, 4.421316
6.500000, 4.391116
6.500000, 4.469636
6.500000, 4.530037
6.500000, 4.511917
6.500000, 4.602518
6.500000, 4.542117
6.500000, 4.554197
6.500000, 4.620638
6.500000, 4.662918
6.500000, 4.693119
6.500000, 4.681038
6.500000, 4.711238
6.500000, 4.711238
6.500000, 4.874320
6.500000, 4.825999
6.500000, 4.813920
6.500000, 4.801839
6.500000, 4.928680
6.500000, 4.958880
6.500000, 4.928680
6.500000, 4.952840
6.500000, 4.952840
6.500000, 4.970961
6.500000, 4.983041
6.500000, 5.031361
6.500000, 5.073641
6.500000, 5.109882
6.500000, 5.109882
6.500000, 5.103842
6.500000, 5.158202
6.500000, 5.140082
6.500000, 5.146122
6.500000, 5.158202
6.500000, 5.303164
6.500000, 5.345444
6.500000, 5.309203
6.500000, 5.285043
6.500000, 5.327323
6.500000, 5.381684
6.500000, 5.430005
6.500000, 5.309203
6.500000, 5.454165
6.500000, 5.454165
6.500000, 5.532685
6.500000, 5.568925
6.500000, 5.442084
6.500000, 5.538725
6.500000, 5.472285
6.500000, 5.496445
6.500000, 5.520605
6.500000, 5.478325
6.500000, 5.617246
6.500000, 5.562885
6.500000, 5.593086
6.500000, 5.587046
6.500000, 5.587046
6.500000, 5.593086
6.500000, 5.689726
6.500000, 5.599126
6.500000, 5.629326
6.500000, 5.822608
6.500000, 5.834688
6.500000, 5.810527
6.500000, 5.810527
6.500000, 5.738047
6.500000, 5.695766
6.500000, 5.647446
6.500000, 5.738047
6.500000, 5.852808
6.500000, 5.798448
6.500000, 5.822608
6.500000, 5.780327
6.500000, 5.792408
6.500000, 5.804487
6.500000, 5.774287
6.500000, 5.852808
6.500000, 5.822608
6.500000, 5.828648
6.500000, 5.913208
6.500000, 5.750127
6.500000, 5.780327
6.500000, 5.979649
6.500000, 5.870928
6.500000, 5.876968
6.500000, 5.931328
6.500000, 5.756167
6.500000, 5.901128
6.500000, 5.961529
6.500000, 5.925288
6.500000, 6.003809
6.500000, 6.021929
6.500000, 5.973609
6.500000, 6.027969
6.500000, 6.106490
6.500000, 6.215211
6.500000, 6.287692
6.500000, 6.233331
6.500000, 6.034009
6.500000, 6.034009
6.500000, 6.106490
6.500000, 6.040050
6.500000, 6.088370
6.500000, 6.094410
6.500000, 6.136690
6.500000, 6.142730
6.500000, 6.106490
6.500000, 6.094410
6.500000, 6.136690
6.500000, 6.172930
6.500000, 6.178970
6.500000, 6.209171
6.500000, 6.209171
6.500000, 6.209171
6.500000, 6.166891
6.500000, 6.257491
6.500000, 6.191051
6.500000, 6.275611
6.500000, 6.172930
6.500000, 6.317892
6.500000, 6.366212
6.500000, 6.281651
6.500000, 6.287692
6.500000, 6.251451
6.500000, 6.323932
6.500000, 6.311852
6.500000, 6.323932
6.500000, 6.396412
6.500000, 6.299771
6.500000, 6.342052
6.500000, 6.348092
6.500000, 6.390372
6.500000, 6.396412
6.500000, 6.311852
6.500000, 6.414532
6.500000, 6.414532
6.500000, 6.432652
6.500000, 6.438693
6.500000, 6.450773
6.500000, 6.462853
6.500000, 6.499093
6.500000, 6.517213
6.500000, 6.535334
6.500000, 6.480973
6.500000, 6.529294
6.500000, 6.487013
6.500000, 6.505133
6.500000, 6.487013
6.500000, 6.571574
6.500000, 6.517213
6.500000, 6.547413
6.500000, 6.553453
6.500000, 6.553453
6.295886, 6.541373
6.262882, 6.408493
6.229023, 6.474933
6.196476, 6.432652
6.162889, 6.378292
6.129656, 6.257491
6.095917, 6.329972
6.063192, 6.215211
6.029334, 6.251451
5.996507, 6.221251
5.963156, 6.003809
5.929831, 6.040050
5.895973, 5.919249
5.863146, 5.852808
5.863146, 5.840728
5.829364, 5.623286
5.796267, 5.792408
5.762401, 5.599126
5.729752, 5.810527
5.695699, 5.997769
5.663042, 5.937368
5.629218, 5.949449
5.596070, 5.937368
5.562609, 5.864888
5.529681, 5.756167
5.496212, 5.744087
5.462633, 5.430005
5.429249, 5.574965
5.395382, 5.164242
5.328867, 5.291083
5.295651, 5.345444
5.262284, 5.218603
5.196073, 5.049481
5.162307, 4.989081
5.129227, 4.952840
5.062974, 4.910560
5.029699, 4.735399
4.996611, 5.055521
4.963091, 5.007201
4.896127, 5.164242
4.863622, 5.007201
4.829840, 4.813920
4.796819, 4.693119
4.763130, 4.578357
4.696496, 4.511917
4.664227, 4.699158
4.630801, 4.306555
4.597509, 4.578357
4.563812, 4.632718
4.531214, 4.638758
4.464512, 4.481717
4.430629, 4.451516
4.397126, 4.300515
4.363428, 4.113274
4.330686, 4.203874
4.297217, 4.197834
4.263299, 4.016633
4.229653, 4.240115
4.196556, 4.240115
4.162900, 4.137434
4.130455, 4.149514
4.096529, 3.998513
4.063601, 4.083073
4.029346, 3.799191
3.996409, 3.442828
3.996409, 3.835431
3.996409, 4.270315
3.996409, 4.125354
3.996409, 3.835431
3.996409, 3.871672
3.996409, 3.853551
3.996409, 4.034753
3.996409, 3.895832
3.996409, 3.907912
3.996409, 3.406588
3.831248, 3.654230
3.797220, 3.720670
3.764605, 3.726711
3.730612, 3.460948
3.697185, 3.442828
3.663522, 3.720670
3.630534, 3.521349
3.596769, 3.309947
3.596769, 3.466988
3.596769, 3.382428
3.596769, 3.382428
3.596769, 3.503229
3.596769, 3.424708
3.596769, 3.569669
3.596769, 3.424708
3.596769, 2.476420
3.596769, 0.809367
3.596769, 0.948288
3.596769, 1.268410
3.596769, 0.924128
3.596769, 1.057009
3.419053, 1.123449
3.386032, 1.793895
3.353273, 2.240858
3.319525, 1.642893
3.286014, 1.642893
3.252697, 1.630813
3.218712, 1.751614
3.186173, 1.993216
3.152493, 0.869767
3.119725, 0.640245
3.085842, 0.887887
3.053159, 0.827487
3.019470, 0.785206
2.987083, 1.751614
2.987083, 1.938856
2.953487, 1.141569
2.920001, 1.395251
2.886930, 2.192538
2.853621, 2.126097
2.821006, 1.624773
2.787013, 1.733494
2.754034, 1.836175
2.719744, 2.168378
2.686901, 2.325419
2.653170, 2.597221
2.619735, 2.246898
2.585936, 2.319379
2.552737, 2.277099
2.519437, 2.319379
2.486382, 2.597221
2.452651, 2.283139
2.419368, 2.416020
2.385890, 1.999256
2.352726, 2.361659
2.318529, 2.095897
2.285703, 2.355619
2.251600, 1.938856
2.199499, 2.349579
2.195108, 2.283139
2.180128, 2.337499
2.113575, 2.349579
2.113575, 1.938856
2.113575, 1.920736
2.113575, 1.775774
2.113575, 1.926776
2.113575, 2.053617
2.113575, 1.479812
2.113575, 1.630813
2.113575, 1.944896
2.113575, 2.095897
2.113575, 2.271059
2.113575, 2.138177
2.113575, 1.890535
2.113575, 1.963016
2.113575, 2.083817
2.113575, 1.848255
2.113575, 2.186498
2.113575, 1.799935
2.113575, 1.648934
2.113575, 2.059657
2.113575, 2.228778
2.113575, 1.528132
2.113575, 1.093249
2.113575, 2.077777
2.204337, 1.836175
2.204337, 2.361659
2.295821, 2.838823
2.380539, 2.289179
2.471053, 2.198578
2.677238, 1.787855
2.643363, 2.524741
2.608718, 2.168378
2.574420, 2.464340
2.539311, 1.938856
2.504971, 1.987176
2.470461, 2.029457
2.437035, 2.416020
2.402263, 2.065697
2.368278, 2.258978
2.334167, 2.059657
2.300520, 2.409980
2.267736, 2.041537
2.267736, 2.319379
2.200062, 2.204618
2.165722, 2.343539
2.132633, 2.331459
2.098656, 2.313339
2.066270, 2.295219
2.033046, 2.150258
2.033046, 2.144217
2.033046, 2.228778
2.033046, 2.132138
2.033046, 2.162338
2.033046, 2.156298
2.033046, 2.095897
2.033046, 2.162338
2.033046, 2.174418
2.033046, 2.156298
2.033046, 2.138177
2.033046, 2.150258
2.033046, 2.192538
2.033046, 2.192538
2.033046, 2.180458
2.033046, 2.095897
1.955784, 2.204618
1.955784, 2.023417
1.955784, 2.162338
1.955784, 2.138177
1.955784, 2.089857
1.955784, 2.053617
1.955784, 1.757654
1.955784, 2.041537
1.955784, 2.095897
1.955784, 2.035497
1.955784, 1.866375
1.955784, 1.667054
1.955784, 1.842215
1.955784, 1.920736
1.955784, 1.763694
1.955784, 1.775774
1.955784, 1.836175
1.955784, 1.685174
1.955784, 1.697254
2.036241, 1.661014
2.116314, 1.830135
2.200289, 2.005296
2.285661, 2.120057
2.365780, 2.216698
2.447499, 2.313339
2.706859, 2.277099
2.675132, 2.403940
2.641367, 2.428100
2.607154, 2.482460
2.576323, 2.397900
2.542211, 2.536821
2.511659, 2.337499
2.476685, 2.591181
2.444434, 2.210658
2.413890, 2.639502
2.379922, 2.210658
2.345278, 2.373739
2.313847, 2.168378
2.280978, 2.313339
2.280978, 2.107977
2.280978, 2.434140
2.280978, 2.089857
2.280978, 2.059657
2.280978, 2.452260
2.280978, 2.385819
2.280978, 2.361659
2.280978, 1.999256
2.280978, 2.343539
2.280978, 1.963016
2.280978, 2.403940
2.280978, 2.494540
2.280978, 2.107977
2.280978, 2.446220
2.280978, 2.005296
2.280978, 2.464340
2.280978, 2.005296
2.378213, 2.440180
2.378213, 2.162338
2.378213, 2.144217
2.378213, 2.409980
2.378213, 2.059657
2.378213, 2.524741
2.378213, 2.277099
2.378213, 2.216698
2.378213, 2.567021
2.378213, 2.041537
2.378213, 2.506620
2.378213, 2.271059
2.378213, 2.573061
2.378213, 2.222738
2.378213, 2.645542
2.378213, 2.107977
2.378213, 2.536821
2.378213, 2.367699
2.378213, 2.216698
2.378213, 1.775774
2.378213, 1.890535
2.378213, 1.721414
2.378213, 2.367699
2.378213, 2.440180
2.467351, 2.506620
2.646305, 2.307299
2.738419, 2.150258
2.830895, 2.422060
2.830895, 2.071737
3.001144, 1.950936
3.092199, 2.361659
3.092199, 2.337499
3.347564, 2.802583
3.347564, 3.297867
3.347564, 3.020025
3.347564, 2.699902
3.347564, 3.164986
